gene_id,SHEF1,SHEF2,SHEF3,SHEF4,SHEF5,SHEF6,SHEF7,SHEF8,SHEF9,SHEF11,SHEF12,SHEF13,SHEF14,SHEF21,SHEF22,SHEF24,SHEF25,SHEF26,SHEF27,SHEF28,SHEF29,SHEF16,SHEF18,SHEF20,gene_name,gene_chr,gene_start,gene_end,gene_strand,gene_length,gene_biotype,gene_description,tf_family
ENSMUSG00000062554,-1.872349451,2.285808475,1.289907318,1.004017341,-2.117506619,0.889902619,0.869244333,2.084377494,0.897605075,-1.847026599,0.85874357,-2.110329178,1.509944584,1.591870803,-1.813111115,-1.691925142,0.983197731,1.956569507,-2.108322869,1.624552549,1.510025938,-1.950653294,-1.577573747,-2.266969323,Gm12751,4,34354043,34354423,+,381,processed_pseudogene,predicted gene 12751 [Source:MGI Symbol;Acc:MGI:3651049],-
ENSMUSG00000062353,-1.162987192,4.550837763,-0.747130516,-1.3897484,-1.514946182,-1.3277036,-1.355515066,4.523351914,-1.078812387,-1.498403452,5.354764441,-1.167151579,-1.187505205,-1.380419469,-1.272027992,-0.730362718,-1.29103664,-0.793790906,-1.899734249,4.262706404,4.193293882,-1.118445961,-0.729688742,-1.239544147,Gm15772,5,3236431,3236868,+,438,processed_pseudogene,predicted gene 15772 [Source:MGI Symbol;Acc:MGI:3805541],-
ENSMUSG00000061808,-2.694076409,-2.391252691,-0.541800714,-0.738450789,4.318584129,0.487578068,-0.374027265,-0.490372324,4.43643475,2.916685874,0.144629871,-2.028117385,-3.031168063,-1.614499352,-1.771604373,3.364973702,-0.510674286,-0.04778832,-2.19654959,3.545758285,4.957932503,-1.899958748,-2.548019599,-1.294217274,Ttr,18,20665250,20674324,+,1219,protein_coding,transthyretin [Source:MGI Symbol;Acc:MGI:98865],-
