gene_id,SHEF1,SHEF2,SHEF3,SHEF4,SHEF5,SHEF6,SHEF7,SHEF8,SHEF9,SHEF11,SHEF12,SHEF13,SHEF14,SHEF21,SHEF22,SHEF24,SHEF25,SHEF26,SHEF27,SHEF28,SHEF29,SHEF16,SHEF18,SHEF20,gene_name,gene_chr,gene_start,gene_end,gene_strand,gene_length,gene_biotype,gene_description,tf_family
ENSMUSG00000021342,-2.63125882,-2.505144082,-1.959612858,-2.749124977,-2.749124977,-2.622368939,-2.332623995,1.475476623,-0.738447915,-1.466764143,-1.729571561,-2.502771223,2.167276823,3.104553221,-0.941367036,2.723344842,2.865907145,3.802229564,6.328098485,1.773325067,1.845530159,0.668396244,-2.300548472,0.474590827,Prl,13,27057570,27065205,+,1408,protein_coding,prolactin [Source:MGI Symbol;Acc:MGI:97762],-
ENSMUSG00000020713,-2.009481901,-2.137379373,-0.037594646,-2.137379373,-2.137379373,-2.137379373,-2.137379373,1.260243291,-0.401151246,-1.653770292,-1.123896535,-1.998062793,1.128986037,1.734550876,-1.615578274,2.656112526,2.401878587,3.036248403,4.610191967,0.9709065,1.181128237,0.248272248,0.889123703,-0.591209825,Gh,11,106300271,106301865,-,862,protein_coding,growth hormone [Source:MGI Symbol;Acc:MGI:95707],-
