gene_id,SHEF1,SHEF2,SHEF3,SHEF4,SHEF5,SHEF6,SHEF7,SHEF8,SHEF9,SHEF11,SHEF12,SHEF13,SHEF14,SHEF21,SHEF22,SHEF24,SHEF25,SHEF26,SHEF27,SHEF28,SHEF29,SHEF16,SHEF18,SHEF20,gene_name,gene_chr,gene_start,gene_end,gene_strand,gene_length,gene_biotype,gene_description,tf_family
ENSMUSG00000066553,-1.116414275,-1.085954576,-0.772437498,-1.215840529,-0.864592116,-1.22557774,-0.793754592,-1.103683185,-1.10647864,-1.088973349,-0.738213075,4.455623174,-0.746571257,4.579288571,-0.480666554,0.120181101,4.305973857,-1.377283948,-0.720459205,-1.110698016,-1.362361961,-0.58207561,-0.39384334,4.424812762,Gm6969,12,24638669,24639010,-,342,processed_pseudogene,predicted pseudogene 6969 [Source:MGI Symbol;Acc:MGI:3645320],-
ENSMUSG00000107470,-2.524997414,-2.558149513,-2.518749528,1.493896897,-2.348760084,1.62454564,2.715483533,-2.116773654,-2.210264968,1.580704479,-1.877390323,2.571959801,1.679923582,1.892647865,2.201396049,2.592974233,1.523514756,1.505066044,-2.029362043,-2.216361822,-2.596151668,2.026438945,-2.087274814,1.675684008,Gm3375,7,3181093,3181888,+,796,processed_pseudogene,predicted gene 3375 [Source:MGI Symbol;Acc:MGI:3781553],-
